{
    "c2dictionary": true,
    "data": {
        "ItemsOn": 0,
        "ForcePlayerStats": 1,
        "SuddenDeath": 1,
        "SuddenDeathTime": 1,
        "PunchStrength": 800,
        "PunchGroundStrength": 1,
        "ItemSpawnSpeed": 4,
        "ItemLimit": 12,
        "WinsNeeded": 5,
        "ItemsList": "{\"c2array\":true,\"size\":[10,1,1],\"data\":[[[\"GrowRock\"]],[[\"HoverBoardSpawner\"]],[[\"TrusterGun\"]],[[\"StickBlockItem\"]],[[\"WheelSpawner\"]],[[\"AmericaFoamBulleteLauncher\"]],[[\"PelleteShooter\"]],[[\"UFOSpawner\"]],[[\"PullerItem\"]],[[\"Bomb\"]]]}",
        "ForceLockHand": 1
    }
}