{
    "c2dictionary": true,
    "data": {
        "PunchGroundDelay": 0,
        "PunchPlayerDelay": 0,
        "ItemsOn": 1,
        "ForcePlayerStats": 1,
        "SuddenDeathTime": 1,
        "PunchStrength": 500,
        "PunchGroundStrength": 3,
        "ItemSpawnSpeed": 4,
        "ItemLimit": 12,
        "WinsNeeded": 5,
        "SuddenDeath": 1,
        "ItemsList": "{\"c2array\":true,\"size\":[12,1,1],\"data\":[[[\"GrowRock\"]],[[\"HoverBoardSpawner\"]],[[\"TrusterGun\"]],[[\"StickBlockItem\"]],[[\"WheelSpawner\"]],[[\"AmericaFoamBulleteLauncher\"]],[[\"PelleteShooter\"]],[[\"UFOSpawner\"]],[[\"PullerItem\"]],[[\"Bomb\"]],[[\"PlaceBlock\"]],[[\"RopeSpawner\"]]]}"
    }
}