{
    "c2dictionary": true,
    "data": {
        "PunchGroundDelay": 0,
        "PunchPlayerDelay": 0,
        "ItemsOn": 1,
        "ForcePlayerStats": 0,
        "SuddenDeathTime": 2,
        "PunchStrength": 500,
        "PunchGroundStrength": 3,
        "ItemSpawnSpeed": 0.25,
        "ItemLimit": 30,
        "WinsNeeded": 5,
        "SuddenDeath": 1,
        "ItemsList": "{\"c2array\":true,\"size\":[4,1,1],\"data\":[[[\"TrusterGun\"]],[[\"AmericaFoamBulleteLauncher\"]],[[\"PelleteShooter\"]],[[\"Bomb\"]]]}"
    }
}